1001,101,Han Solo
1002,101,Rey
1003,103,Padme
1004,104,Elle Woods
1005,105,Hallie Parker
1005,105,Annie James
1006,106,Cher Horowitz
1023,106,Dionne Davenport
1007,107,Miranda Priestly
1008,108,Jim Lovell
1009,109,Holly Golightly
1010,110,Bill Murray
1011,111,Quint
1012,112,Claire
1013,113,Shenzi
1014,114,Luke Skywalker
1015,115,Ferri Bueller
1016,116,Norman Bates
1017,117,Jack Dawson
1018,118,Kevin McAllister
1019,119,Danny Zuko
1020,120,Freddie Mercury
1021,102,Han Solo
1022,102,Val
1008,121,Sully
1017,122,Gatsby
1024,123,Jeanine Matthews
1024,117,Rose
1025,124,Annie 
1001,103,Han
1001,114,Luke
1002,103,Rey Rey
1001,108,Bob
1001,109,Joe
1001,113,Jim 
1019,124,Flo
1019,103,Jackie
1004,125,Ann 
1004,126,Sam
1004,127,Jan
1004,128,Alex
1004,129,Susan
1004,130,Kristi
1024,128,sam
1012,128,kristi
1009,128,alex
1001,128,bob
1001,116,sam
1019,108,sam
1006,108,alex
1005,108,alex
1024,108,abad
1025,108,leon
1001,108,bobby
1002,121,shruti
1022,121,Abad